file-name;class-name;split-index
64440803f87b4843_21816.jpg;Lymphangiectasia;0
64440803f87b4843_21811.jpg;Lymphangiectasia;0
04a78ef00c5245e0_12368.jpg;Lymphangiectasia;0
64440803f87b4843_13759.jpg;Lymphangiectasia;0
7ad22d50ebaf4596_10465.jpg;Lymphangiectasia;0
64440803f87b4843_13752.jpg;Lymphangiectasia;0
64440803f87b4843_17848.jpg;Lymphangiectasia;0
04a78ef00c5245e0_12398.jpg;Lymphangiectasia;0
64440803f87b4843_17868.jpg;Lymphangiectasia;0
7ad22d50ebaf4596_31146.jpg;Lymphangiectasia;0
64440803f87b4843_13757.jpg;Lymphangiectasia;0
04a78ef00c5245e0_12386.jpg;Lymphangiectasia;0
64440803f87b4843_13736.jpg;Lymphangiectasia;0
7ad22d50ebaf4596_27473.jpg;Lymphangiectasia;0
7ad22d50ebaf4596_27479.jpg;Lymphangiectasia;0
7ad22d50ebaf4596_29198.jpg;Lymphangiectasia;0
7ad22d50ebaf4596_29191.jpg;Lymphangiectasia;0
64440803f87b4843_13744.jpg;Lymphangiectasia;0
7ad22d50ebaf4596_27285.jpg;Lymphangiectasia;0
7ad22d50ebaf4596_27477.jpg;Lymphangiectasia;0
04a78ef00c5245e0_12381.jpg;Lymphangiectasia;0
64440803f87b4843_21832.jpg;Lymphangiectasia;0
7ad22d50ebaf4596_28961.jpg;Lymphangiectasia;0
04a78ef00c5245e0_12394.jpg;Lymphangiectasia;0
64440803f87b4843_17859.jpg;Lymphangiectasia;0
7ad22d50ebaf4596_29252.jpg;Lymphangiectasia;0
7ad22d50ebaf4596_29173.jpg;Lymphangiectasia;0
04a78ef00c5245e0_12346.jpg;Lymphangiectasia;0
04a78ef00c5245e0_12373.jpg;Lymphangiectasia;0
7ad22d50ebaf4596_29112.jpg;Lymphangiectasia;0
7ad22d50ebaf4596_31188.jpg;Lymphangiectasia;0
04a78ef00c5245e0_12357.jpg;Lymphangiectasia;0
7ad22d50ebaf4596_29258.jpg;Lymphangiectasia;0
7ad22d50ebaf4596_31255.jpg;Lymphangiectasia;0
7ad22d50ebaf4596_27495.jpg;Lymphangiectasia;0
7ad22d50ebaf4596_29226.jpg;Lymphangiectasia;0
64440803f87b4843_21813.jpg;Lymphangiectasia;0
64440803f87b4843_17949.jpg;Lymphangiectasia;0
7ad22d50ebaf4596_29187.jpg;Lymphangiectasia;0
7ad22d50ebaf4596_31181.jpg;Lymphangiectasia;0
64440803f87b4843_17885.jpg;Lymphangiectasia;0
64440803f87b4843_13742.jpg;Lymphangiectasia;0
64440803f87b4843_17948.jpg;Lymphangiectasia;0
7ad22d50ebaf4596_31195.jpg;Lymphangiectasia;0
7ad22d50ebaf4596_29212.jpg;Lymphangiectasia;0
04a78ef00c5245e0_12389.jpg;Lymphangiectasia;0
7ad22d50ebaf4596_31186.jpg;Lymphangiectasia;0
64440803f87b4843_17853.jpg;Lymphangiectasia;0
64440803f87b4843_17943.jpg;Lymphangiectasia;0
04a78ef00c5245e0_12379.jpg;Lymphangiectasia;0
7ad22d50ebaf4596_27224.jpg;Lymphangiectasia;0
7ad22d50ebaf4596_31131.jpg;Lymphangiectasia;0
04a78ef00c5245e0_12416.jpg;Lymphangiectasia;0
64440803f87b4843_17871.jpg;Lymphangiectasia;0
64440803f87b4843_17829.jpg;Lymphangiectasia;0
7ad22d50ebaf4596_10460.jpg;Lymphangiectasia;0
04a78ef00c5245e0_12360.jpg;Lymphangiectasia;0
7ad22d50ebaf4596_22836.jpg;Lymphangiectasia;0
7ad22d50ebaf4596_27513.jpg;Lymphangiectasia;0
7ad22d50ebaf4596_27431.jpg;Lymphangiectasia;0
7ad22d50ebaf4596_29248.jpg;Lymphangiectasia;0
64440803f87b4843_17819.jpg;Lymphangiectasia;0
7ad22d50ebaf4596_31161.jpg;Lymphangiectasia;0
64440803f87b4843_13761.jpg;Lymphangiectasia;0
64440803f87b4843_17872.jpg;Lymphangiectasia;0
64440803f87b4843_17820.jpg;Lymphangiectasia;0
7ad22d50ebaf4596_31218.jpg;Lymphangiectasia;0
04a78ef00c5245e0_12384.jpg;Lymphangiectasia;0
7ad22d50ebaf4596_31133.jpg;Lymphangiectasia;0
7ad22d50ebaf4596_29242.jpg;Lymphangiectasia;0
7ad22d50ebaf4596_27599.jpg;Lymphangiectasia;0
64440803f87b4843_21814.jpg;Lymphangiectasia;0
7ad22d50ebaf4596_27293.jpg;Lymphangiectasia;0
7ad22d50ebaf4596_31215.jpg;Lymphangiectasia;0
64440803f87b4843_21821.jpg;Lymphangiectasia;0
7ad22d50ebaf4596_31170.jpg;Lymphangiectasia;0
64440803f87b4843_17880.jpg;Lymphangiectasia;0
64440803f87b4843_17935.jpg;Lymphangiectasia;0
64440803f87b4843_13737.jpg;Lymphangiectasia;0
64440803f87b4843_17849.jpg;Lymphangiectasia;0
64440803f87b4843_21827.jpg;Lymphangiectasia;0
7ad22d50ebaf4596_27153.jpg;Lymphangiectasia;0
64440803f87b4843_17874.jpg;Lymphangiectasia;0
64440803f87b4843_17847.jpg;Lymphangiectasia;0
7ad22d50ebaf4596_29188.jpg;Lymphangiectasia;0
7ad22d50ebaf4596_31132.jpg;Lymphangiectasia;0
7ad22d50ebaf4596_22816.jpg;Lymphangiectasia;0
7ad22d50ebaf4596_27225.jpg;Lymphangiectasia;0
04a78ef00c5245e0_12405.jpg;Lymphangiectasia;0
7ad22d50ebaf4596_27217.jpg;Lymphangiectasia;0
7ad22d50ebaf4596_29237.jpg;Lymphangiectasia;0
64440803f87b4843_17826.jpg;Lymphangiectasia;0
7ad22d50ebaf4596_27494.jpg;Lymphangiectasia;0
7ad22d50ebaf4596_31204.jpg;Lymphangiectasia;0
04a78ef00c5245e0_12385.jpg;Lymphangiectasia;0
64440803f87b4843_17856.jpg;Lymphangiectasia;0
04a78ef00c5245e0_12383.jpg;Lymphangiectasia;0
7ad22d50ebaf4596_27264.jpg;Lymphangiectasia;0
7ad22d50ebaf4596_10467.jpg;Lymphangiectasia;0
64440803f87b4843_17860.jpg;Lymphangiectasia;0
7ad22d50ebaf4596_27610.jpg;Lymphangiectasia;0
64440803f87b4843_17845.jpg;Lymphangiectasia;0
64440803f87b4843_17830.jpg;Lymphangiectasia;0
64440803f87b4843_17941.jpg;Lymphangiectasia;0
64440803f87b4843_17862.jpg;Lymphangiectasia;0
64440803f87b4843_13733.jpg;Lymphangiectasia;0
7ad22d50ebaf4596_31191.jpg;Lymphangiectasia;0
7ad22d50ebaf4596_27505.jpg;Lymphangiectasia;0
7ad22d50ebaf4596_27266.jpg;Lymphangiectasia;0
64440803f87b4843_17861.jpg;Lymphangiectasia;0
64440803f87b4843_17822.jpg;Lymphangiectasia;0
64440803f87b4843_17878.jpg;Lymphangiectasia;0
64440803f87b4843_13740.jpg;Lymphangiectasia;0
64440803f87b4843_17858.jpg;Lymphangiectasia;0
7ad22d50ebaf4596_29171.jpg;Lymphangiectasia;0
64440803f87b4843_17882.jpg;Lymphangiectasia;0
64440803f87b4843_17836.jpg;Lymphangiectasia;0
04a78ef00c5245e0_12371.jpg;Lymphangiectasia;0
64440803f87b4843_13755.jpg;Lymphangiectasia;0
7ad22d50ebaf4596_27490.jpg;Lymphangiectasia;0
64440803f87b4843_21766.jpg;Lymphangiectasia;0
7ad22d50ebaf4596_29236.jpg;Lymphangiectasia;0
7ad22d50ebaf4596_28959.jpg;Lymphangiectasia;0
7ad22d50ebaf4596_29241.jpg;Lymphangiectasia;0
04a78ef00c5245e0_12412.jpg;Lymphangiectasia;0
7ad22d50ebaf4596_27482.jpg;Lymphangiectasia;0
04a78ef00c5245e0_12372.jpg;Lymphangiectasia;0
64440803f87b4843_21824.jpg;Lymphangiectasia;0
04a78ef00c5245e0_12410.jpg;Lymphangiectasia;0
7ad22d50ebaf4596_29251.jpg;Lymphangiectasia;0
7ad22d50ebaf4596_27274.jpg;Lymphangiectasia;0
64440803f87b4843_17834.jpg;Lymphangiectasia;0
7ad22d50ebaf4596_10569.jpg;Lymphangiectasia;0
64440803f87b4843_17832.jpg;Lymphangiectasia;0
7ad22d50ebaf4596_31145.jpg;Lymphangiectasia;0
64440803f87b4843_21885.jpg;Lymphangiectasia;0
64440803f87b4843_21810.jpg;Lymphangiectasia;0
64440803f87b4843_13758.jpg;Lymphangiectasia;0
7ad22d50ebaf4596_27294.jpg;Lymphangiectasia;0
64440803f87b4843_21819.jpg;Lymphangiectasia;0
04a78ef00c5245e0_12397.jpg;Lymphangiectasia;0
7ad22d50ebaf4596_10469.jpg;Lymphangiectasia;0
04a78ef00c5245e0_12414.jpg;Lymphangiectasia;0
7ad22d50ebaf4596_27476.jpg;Lymphangiectasia;0
64440803f87b4843_17865.jpg;Lymphangiectasia;0
7ad22d50ebaf4596_31162.jpg;Lymphangiectasia;0
64440803f87b4843_13754.jpg;Lymphangiectasia;0
7ad22d50ebaf4596_27288.jpg;Lymphangiectasia;0
7ad22d50ebaf4596_27480.jpg;Lymphangiectasia;0
7ad22d50ebaf4596_10568.jpg;Lymphangiectasia;0
7ad22d50ebaf4596_27595.jpg;Lymphangiectasia;0
04a78ef00c5245e0_12402.jpg;Lymphangiectasia;0
64440803f87b4843_17875.jpg;Lymphangiectasia;0
7ad22d50ebaf4596_29257.jpg;Lymphangiectasia;0
7ad22d50ebaf4596_27433.jpg;Lymphangiectasia;0
64440803f87b4843_17947.jpg;Lymphangiectasia;0
7ad22d50ebaf4596_27434.jpg;Lymphangiectasia;0
04a78ef00c5245e0_12353.jpg;Lymphangiectasia;0
7ad22d50ebaf4596_27058.jpg;Lymphangiectasia;0
64440803f87b4843_13734.jpg;Lymphangiectasia;0
7ad22d50ebaf4596_27491.jpg;Lymphangiectasia;0
64440803f87b4843_21820.jpg;Lymphangiectasia;0
64440803f87b4843_17825.jpg;Lymphangiectasia;0
7ad22d50ebaf4596_27432.jpg;Lymphangiectasia;0
7ad22d50ebaf4596_27216.jpg;Lymphangiectasia;0
64440803f87b4843_17828.jpg;Lymphangiectasia;0
04a78ef00c5245e0_12359.jpg;Lymphangiectasia;0
04a78ef00c5245e0_12404.jpg;Lymphangiectasia;0
7ad22d50ebaf4596_10457.jpg;Lymphangiectasia;0
7ad22d50ebaf4596_27483.jpg;Lymphangiectasia;0
64440803f87b4843_17944.jpg;Lymphangiectasia;0
7ad22d50ebaf4596_27268.jpg;Lymphangiectasia;0
64440803f87b4843_17936.jpg;Lymphangiectasia;0
64440803f87b4843_17855.jpg;Lymphangiectasia;0
64440803f87b4843_21833.jpg;Lymphangiectasia;0
7ad22d50ebaf4596_29224.jpg;Lymphangiectasia;0
64440803f87b4843_17818.jpg;Lymphangiectasia;0
7ad22d50ebaf4596_28945.jpg;Lymphangiectasia;0
04a78ef00c5245e0_12345.jpg;Lymphangiectasia;0
64440803f87b4843_13747.jpg;Lymphangiectasia;0
64440803f87b4843_17833.jpg;Lymphangiectasia;0
7ad22d50ebaf4596_31199.jpg;Lymphangiectasia;0
04a78ef00c5245e0_12418.jpg;Lymphangiectasia;0
64440803f87b4843_17840.jpg;Lymphangiectasia;0
7ad22d50ebaf4596_31202.jpg;Lymphangiectasia;0
7ad22d50ebaf4596_31147.jpg;Lymphangiectasia;0
7ad22d50ebaf4596_27496.jpg;Lymphangiectasia;0
7ad22d50ebaf4596_10466.jpg;Lymphangiectasia;0
7ad22d50ebaf4596_27057.jpg;Lymphangiectasia;0
64440803f87b4843_17937.jpg;Lymphangiectasia;0
64440803f87b4843_17950.jpg;Lymphangiectasia;0
7ad22d50ebaf4596_27238.jpg;Lymphangiectasia;0
7ad22d50ebaf4596_27290.jpg;Lymphangiectasia;0
04a78ef00c5245e0_12354.jpg;Lymphangiectasia;0
64440803f87b4843_21840.jpg;Lymphangiectasia;0
7ad22d50ebaf4596_29235.jpg;Lymphangiectasia;0
7ad22d50ebaf4596_29111.jpg;Lymphangiectasia;0
64440803f87b4843_17939.jpg;Lymphangiectasia;0
64440803f87b4843_17866.jpg;Lymphangiectasia;0
7ad22d50ebaf4596_27506.jpg;Lymphangiectasia;0
64440803f87b4843_17940.jpg;Lymphangiectasia;0
7ad22d50ebaf4596_27278.jpg;Lymphangiectasia;0
64440803f87b4843_17883.jpg;Lymphangiectasia;0
64440803f87b4843_17842.jpg;Lymphangiectasia;0
7ad22d50ebaf4596_27515.jpg;Lymphangiectasia;0
7ad22d50ebaf4596_27265.jpg;Lymphangiectasia;0
7ad22d50ebaf4596_27219.jpg;Lymphangiectasia;0
64440803f87b4843_21817.jpg;Lymphangiectasia;0
7ad22d50ebaf4596_29253.jpg;Lymphangiectasia;0
7ad22d50ebaf4596_31192.jpg;Lymphangiectasia;0
04a78ef00c5245e0_12391.jpg;Lymphangiectasia;0
64440803f87b4843_17846.jpg;Lymphangiectasia;0
04a78ef00c5245e0_12356.jpg;Lymphangiectasia;0
64440803f87b4843_13741.jpg;Lymphangiectasia;0
64440803f87b4843_17839.jpg;Lymphangiectasia;0
7ad22d50ebaf4596_27492.jpg;Lymphangiectasia;0
64440803f87b4843_13746.jpg;Lymphangiectasia;0
64440803f87b4843_21879.jpg;Lymphangiectasia;0
7ad22d50ebaf4596_10483.jpg;Lymphangiectasia;0
7ad22d50ebaf4596_31189.jpg;Lymphangiectasia;0
64440803f87b4843_17835.jpg;Lymphangiectasia;0
7ad22d50ebaf4596_27237.jpg;Lymphangiectasia;0
7ad22d50ebaf4596_31254.jpg;Lymphangiectasia;0
7ad22d50ebaf4596_10475.jpg;Lymphangiectasia;0
04a78ef00c5245e0_12393.jpg;Lymphangiectasia;0
04a78ef00c5245e0_12401.jpg;Lymphangiectasia;0
64440803f87b4843_21826.jpg;Lymphangiectasia;0
04a78ef00c5245e0_12399.jpg;Lymphangiectasia;0
64440803f87b4843_17857.jpg;Lymphangiectasia;0
64440803f87b4843_17942.jpg;Lymphangiectasia;0
64440803f87b4843_17823.jpg;Lymphangiectasia;0
64440803f87b4843_17821.jpg;Lymphangiectasia;0
64440803f87b4843_17843.jpg;Lymphangiectasia;0
04a78ef00c5245e0_12387.jpg;Lymphangiectasia;0
7ad22d50ebaf4596_27218.jpg;Lymphangiectasia;0
7ad22d50ebaf4596_31185.jpg;Lymphangiectasia;0
64440803f87b4843_21884.jpg;Lymphangiectasia;0
7ad22d50ebaf4596_27297.jpg;Lymphangiectasia;0
7ad22d50ebaf4596_29172.jpg;Lymphangiectasia;0
64440803f87b4843_21519.jpg;Lymphangiectasia;0
7ad22d50ebaf4596_31184.jpg;Lymphangiectasia;0
7ad22d50ebaf4596_31187.jpg;Lymphangiectasia;0
04a78ef00c5245e0_12411.jpg;Lymphangiectasia;0
64440803f87b4843_17851.jpg;Lymphangiectasia;0
04a78ef00c5245e0_12358.jpg;Lymphangiectasia;0
04a78ef00c5245e0_12395.jpg;Lymphangiectasia;0
64440803f87b4843_17945.jpg;Lymphangiectasia;0
7ad22d50ebaf4596_10458.jpg;Lymphangiectasia;0
04a78ef00c5245e0_12378.jpg;Lymphangiectasia;0
7ad22d50ebaf4596_29255.jpg;Lymphangiectasia;0
7ad22d50ebaf4596_31203.jpg;Lymphangiectasia;0
7ad22d50ebaf4596_10462.jpg;Lymphangiectasia;0
04a78ef00c5245e0_12370.jpg;Lymphangiectasia;0
64440803f87b4843_21815.jpg;Lymphangiectasia;0
7ad22d50ebaf4596_10464.jpg;Lymphangiectasia;0
7ad22d50ebaf4596_29249.jpg;Lymphangiectasia;0
7ad22d50ebaf4596_27261.jpg;Lymphangiectasia;0
7ad22d50ebaf4596_10477.jpg;Lymphangiectasia;0
04a78ef00c5245e0_12374.jpg;Lymphangiectasia;0
7ad22d50ebaf4596_27276.jpg;Lymphangiectasia;0
04a78ef00c5245e0_12413.jpg;Lymphangiectasia;0
04a78ef00c5245e0_12355.jpg;Lymphangiectasia;0
7ad22d50ebaf4596_27611.jpg;Lymphangiectasia;0
04a78ef00c5245e0_12369.jpg;Lymphangiectasia;0
7ad22d50ebaf4596_29234.jpg;Lymphangiectasia;0
64440803f87b4843_17841.jpg;Lymphangiectasia;0
7ad22d50ebaf4596_10456.jpg;Lymphangiectasia;0
64440803f87b4843_13748.jpg;Lymphangiectasia;0
64440803f87b4843_17850.jpg;Lymphangiectasia;0
64440803f87b4843_13731.jpg;Lymphangiectasia;0
7ad22d50ebaf4596_31130.jpg;Lymphangiectasia;0
64440803f87b4843_17867.jpg;Lymphangiectasia;0
64440803f87b4843_17844.jpg;Lymphangiectasia;0
7ad22d50ebaf4596_27523.jpg;Lymphangiectasia;0
7ad22d50ebaf4596_29254.jpg;Lymphangiectasia;0
7ad22d50ebaf4596_31176.jpg;Lymphangiectasia;0
7ad22d50ebaf4596_27289.jpg;Lymphangiectasia;0
7ad22d50ebaf4596_27287.jpg;Lymphangiectasia;0
64440803f87b4843_17827.jpg;Lymphangiectasia;0
64440803f87b4843_17873.jpg;Lymphangiectasia;0
64440803f87b4843_21823.jpg;Lymphangiectasia;0
64440803f87b4843_13756.jpg;Lymphangiectasia;0
64440803f87b4843_13753.jpg;Lymphangiectasia;0
64440803f87b4843_21812.jpg;Lymphangiectasia;0
7ad22d50ebaf4596_27516.jpg;Lymphangiectasia;0
7ad22d50ebaf4596_29170.jpg;Lymphangiectasia;0
64440803f87b4843_17884.jpg;Lymphangiectasia;0
7ad22d50ebaf4596_29225.jpg;Lymphangiectasia;0
04a78ef00c5245e0_12408.jpg;Lymphangiectasia;0
7ad22d50ebaf4596_10461.jpg;Lymphangiectasia;0
64440803f87b4843_13760.jpg;Lymphangiectasia;0
7ad22d50ebaf4596_31183.jpg;Lymphangiectasia;0
04a78ef00c5245e0_12361.jpg;Lymphangiectasia;0
7ad22d50ebaf4596_31168.jpg;Lymphangiectasia;0
04a78ef00c5245e0_12388.jpg;Lymphangiectasia;0
64440803f87b4843_21822.jpg;Lymphangiectasia;0
7ad22d50ebaf4596_10484.jpg;Lymphangiectasia;0
04a78ef00c5245e0_12396.jpg;Lymphangiectasia;0
7ad22d50ebaf4596_29233.jpg;Lymphangiectasia;0
64440803f87b4843_17837.jpg;Lymphangiectasia;0
7ad22d50ebaf4596_31175.jpg;Lymphangiectasia;0
64440803f87b4843_17869.jpg;Lymphangiectasia;0
7ad22d50ebaf4596_31182.jpg;Lymphangiectasia;0
7ad22d50ebaf4596_27277.jpg;Lymphangiectasia;0
7ad22d50ebaf4596_31206.jpg;Lymphangiectasia;0
04a78ef00c5245e0_12400.jpg;Lymphangiectasia;0
64440803f87b4843_17852.jpg;Lymphangiectasia;0
64440803f87b4843_13735.jpg;Lymphangiectasia;0
04a78ef00c5245e0_12406.jpg;Lymphangiectasia;0
64440803f87b4843_21818.jpg;Lymphangiectasia;0
64440803f87b4843_13739.jpg;Lymphangiectasia;0
7ad22d50ebaf4596_29250.jpg;Lymphangiectasia;0
64440803f87b4843_17938.jpg;Lymphangiectasia;0
04a78ef00c5245e0_12382.jpg;Lymphangiectasia;0
64440803f87b4843_13738.jpg;Lymphangiectasia;0
04a78ef00c5245e0_12409.jpg;Lymphangiectasia;0
64440803f87b4843_21520.jpg;Lymphangiectasia;0
7ad22d50ebaf4596_31180.jpg;Lymphangiectasia;0
64440803f87b4843_17877.jpg;Lymphangiectasia;0
7ad22d50ebaf4596_10468.jpg;Lymphangiectasia;0
64440803f87b4843_17824.jpg;Lymphangiectasia;0
7ad22d50ebaf4596_31144.jpg;Lymphangiectasia;0
64440803f87b4843_21880.jpg;Lymphangiectasia;0
7ad22d50ebaf4596_28944.jpg;Lymphangiectasia;0
7ad22d50ebaf4596_31194.jpg;Lymphangiectasia;0
7ad22d50ebaf4596_31148.jpg;Lymphangiectasia;0
7ad22d50ebaf4596_31205.jpg;Lymphangiectasia;0
04a78ef00c5245e0_12407.jpg;Lymphangiectasia;0
64440803f87b4843_17831.jpg;Lymphangiectasia;0
64440803f87b4843_13745.jpg;Lymphangiectasia;0
7ad22d50ebaf4596_29223.jpg;Lymphangiectasia;0
7ad22d50ebaf4596_31253.jpg;Lymphangiectasia;0
7ad22d50ebaf4596_10476.jpg;Lymphangiectasia;0
64440803f87b4843_17854.jpg;Lymphangiectasia;0
7ad22d50ebaf4596_29174.jpg;Lymphangiectasia;0
04a78ef00c5245e0_12380.jpg;Lymphangiectasia;0
64440803f87b4843_17863.jpg;Lymphangiectasia;0
7ad22d50ebaf4596_31177.jpg;Lymphangiectasia;0
04a78ef00c5245e0_12403.jpg;Lymphangiectasia;0
7ad22d50ebaf4596_27511.jpg;Lymphangiectasia;0
7ad22d50ebaf4596_28946.jpg;Lymphangiectasia;0
04a78ef00c5245e0_12415.jpg;Lymphangiectasia;0
7ad22d50ebaf4596_29227.jpg;Lymphangiectasia;0
7ad22d50ebaf4596_27296.jpg;Lymphangiectasia;0
64440803f87b4843_17876.jpg;Lymphangiectasia;0
7ad22d50ebaf4596_27448.jpg;Lymphangiectasia;0
64440803f87b4843_21825.jpg;Lymphangiectasia;0
64440803f87b4843_17934.jpg;Lymphangiectasia;0
7ad22d50ebaf4596_27450.jpg;Lymphangiectasia;0
7ad22d50ebaf4596_27286.jpg;Lymphangiectasia;0
7ad22d50ebaf4596_31200.jpg;Lymphangiectasia;0
64440803f87b4843_17870.jpg;Lymphangiectasia;0
7ad22d50ebaf4596_31174.jpg;Lymphangiectasia;0
04a78ef00c5245e0_12392.jpg;Lymphangiectasia;0
7ad22d50ebaf4596_31134.jpg;Lymphangiectasia;0
7ad22d50ebaf4596_10448.jpg;Lymphangiectasia;0
7ad22d50ebaf4596_29110.jpg;Lymphangiectasia;0
64440803f87b4843_17838.jpg;Lymphangiectasia;0
7ad22d50ebaf4596_27275.jpg;Lymphangiectasia;0
7ad22d50ebaf4596_31169.jpg;Lymphangiectasia;0
7ad22d50ebaf4596_27449.jpg;Lymphangiectasia;0
64440803f87b4843_17864.jpg;Lymphangiectasia;0
7ad22d50ebaf4596_27481.jpg;Lymphangiectasia;0
7ad22d50ebaf4596_31219.jpg;Lymphangiectasia;0
7ad22d50ebaf4596_31201.jpg;Lymphangiectasia;0
64440803f87b4843_21780.jpg;Lymphangiectasia;0
7ad22d50ebaf4596_29259.jpg;Lymphangiectasia;0
04a78ef00c5245e0_12417.jpg;Lymphangiectasia;0
7ad22d50ebaf4596_29256.jpg;Lymphangiectasia;0
7ad22d50ebaf4596_10463.jpg;Lymphangiectasia;0
7ad22d50ebaf4596_10485.jpg;Lymphangiectasia;0
64440803f87b4843_17881.jpg;Lymphangiectasia;0
64440803f87b4843_17879.jpg;Lymphangiectasia;0
7ad22d50ebaf4596_27478.jpg;Lymphangiectasia;0
64440803f87b4843_17946.jpg;Lymphangiectasia;0
04a78ef00c5245e0_12390.jpg;Lymphangiectasia;0
7ad22d50ebaf4596_10459.jpg;Lymphangiectasia;0
04a78ef00c5245e0_12350.jpg;Lymphangiectasia;0
7ad22d50ebaf4596_27596.jpg;Lymphangiectasia;0
7ad22d50ebaf4596_29222.jpg;Lymphangiectasia;0
7ad22d50ebaf4596_31193.jpg;Lymphangiectasia;0
7ad22d50ebaf4596_27451.jpg;Lymphangiectasia;0
64440803f87b4843_13732.jpg;Lymphangiectasia;0
64440803f87b4843_13743.jpg;Lymphangiectasia;0
64440803f87b4843_21781.jpg;Lymphangiectasia;0
7ad22d50ebaf4596_27598.jpg;Lymphangiectasia;0
3c8d5f0b90d7475d_11168.jpg;Normal clean mucosa;3
0531325b64674948_10097.jpg;Normal clean mucosa;3
bca26705313a4644_22976.jpg;Normal clean mucosa;3
64440803f87b4843_9570.jpg;Normal clean mucosa;3
fe5d372e43f94f68_2615.jpg;Normal clean mucosa;3
b2134f4a6f864613_3793.jpg;Normal clean mucosa;3
0728084c8da942d9_10929.jpg;Normal clean mucosa;3
8a00709108cd4e2b_4690.jpg;Normal clean mucosa;3
bc84479c66fe4da6_23970.jpg;Normal clean mucosa;3
dca1377dec974312_7852.jpg;Normal clean mucosa;3
3c8d5f0b90d7475d_4881.jpg;Normal clean mucosa;3
5e59c7fdb16c4228_9699.jpg;Normal clean mucosa;3
04a78ef00c5245e0_12984.jpg;Normal clean mucosa;3
48579eec79784294_13433.jpg;Normal clean mucosa;3
bc84479c66fe4da6_23605.jpg;Normal clean mucosa;3
5e59c7fdb16c4228_9454.jpg;Normal clean mucosa;3
bca26705313a4644_23342.jpg;Normal clean mucosa;3
bc84479c66fe4da6_23380.jpg;Normal clean mucosa;3
0728084c8da942d9_11073.jpg;Normal clean mucosa;3
bc84479c66fe4da6_23604.jpg;Normal clean mucosa;3
0728084c8da942d9_11079.jpg;Normal clean mucosa;3
04a78ef00c5245e0_21067.jpg;Normal clean mucosa;3
df6b47bafe5143f5_9113.jpg;Normal clean mucosa;3
c11b28a8b2344716_27472.jpg;Normal clean mucosa;3
d369e4f163df4aba_8283.jpg;Normal clean mucosa;3
bc84479c66fe4da6_23376.jpg;Normal clean mucosa;3
64440803f87b4843_5714.jpg;Normal clean mucosa;3
dac1e27f7e4d4ef5_4710.jpg;Normal clean mucosa;3
df6b47bafe5143f5_8899.jpg;Normal clean mucosa;3
fb86bc87d3874cd7_13447.jpg;Normal clean mucosa;3
89cdd41258c542c5_13079.jpg;Normal clean mucosa;3
4560e83f9afc4685_6578.jpg;Normal clean mucosa;3
bc84479c66fe4da6_24673.jpg;Normal clean mucosa;3
dac1e27f7e4d4ef5_4687.jpg;Normal clean mucosa;3
d369e4f163df4aba_8229.jpg;Normal clean mucosa;3
dca1377dec974312_6029.jpg;Normal clean mucosa;3
5e59c7fdb16c4228_8284.jpg;Normal clean mucosa;3
c7084b3556e34619_29942.jpg;Normal clean mucosa;3
bc84479c66fe4da6_24108.jpg;Normal clean mucosa;3
8ebf0e483cac48d6_3847.jpg;Normal clean mucosa;3
dca1377dec974312_14563.jpg;Normal clean mucosa;3
b2134f4a6f864613_16000.jpg;Normal clean mucosa;3
bc84479c66fe4da6_23120.jpg;Normal clean mucosa;3
8a00709108cd4e2b_4725.jpg;Normal clean mucosa;3
0728084c8da942d9_22886.jpg;Normal clean mucosa;3
5e59c7fdb16c4228_7957.jpg;Normal clean mucosa;3
fb86bc87d3874cd7_25405.jpg;Normal clean mucosa;3
89cdd41258c542c5_9835.jpg;Normal clean mucosa;3
fc32def0e7194981_31216.jpg;Normal clean mucosa;3
b2134f4a6f864613_10537.jpg;Normal clean mucosa;3
fb86bc87d3874cd7_13433.jpg;Normal clean mucosa;3
89cdd41258c542c5_12984.jpg;Normal clean mucosa;3
48579eec79784294_5964.jpg;Normal clean mucosa;3
7ad22d50ebaf4596_12601.jpg;Normal clean mucosa;3
48579eec79784294_4582.jpg;Normal clean mucosa;3
0728084c8da942d9_23040.jpg;Normal clean mucosa;3
dca1377dec974312_5905.jpg;Normal clean mucosa;3
3c8d5f0b90d7475d_4874.jpg;Normal clean mucosa;3
dca1377dec974312_14386.jpg;Normal clean mucosa;3
dac1e27f7e4d4ef5_9936.jpg;Normal clean mucosa;3
c7084b3556e34619_58764.jpg;Normal clean mucosa;3
4560e83f9afc4685_6877.jpg;Normal clean mucosa;3
df6b47bafe5143f5_2859.jpg;Normal clean mucosa;3
dac1e27f7e4d4ef5_14961.jpg;Normal clean mucosa;3
3c8d5f0b90d7475d_7161.jpg;Normal clean mucosa;3
64440803f87b4843_9560.jpg;Normal clean mucosa;3
bc84479c66fe4da6_23747.jpg;Normal clean mucosa;3
0531325b64674948_10347.jpg;Normal clean mucosa;3
7ad22d50ebaf4596_12491.jpg;Normal clean mucosa;3
fc32def0e7194981_31536.jpg;Normal clean mucosa;3
df6b47bafe5143f5_13249.jpg;Normal clean mucosa;3
8885668afb844852_24588.jpg;Normal clean mucosa;3
bca26705313a4644_23456.jpg;Normal clean mucosa;3
dac1e27f7e4d4ef5_4892.jpg;Normal clean mucosa;3
b2134f4a6f864613_10810.jpg;Normal clean mucosa;3
8885668afb844852_17647.jpg;Normal clean mucosa;3
89cdd41258c542c5_4240.jpg;Normal clean mucosa;3
5bb1d3cc7dc64cec_16659.jpg;Normal clean mucosa;3
3ada4222967f421d_5913.jpg;Normal clean mucosa;3
bca26705313a4644_10031.jpg;Normal clean mucosa;3
48579eec79784294_4545.jpg;Normal clean mucosa;3
48579eec79784294_4462.jpg;Normal clean mucosa;3
df6b47bafe5143f5_13372.jpg;Normal clean mucosa;3
0728084c8da942d9_5217.jpg;Normal clean mucosa;3
dac1e27f7e4d4ef5_4690.jpg;Normal clean mucosa;3
64440803f87b4843_7591.jpg;Normal clean mucosa;3
495f16498db34d3c_10850.jpg;Normal clean mucosa;3
4560e83f9afc4685_6722.jpg;Normal clean mucosa;3
fb86bc87d3874cd7_30482.jpg;Normal clean mucosa;3
fc32def0e7194981_31234.jpg;Normal clean mucosa;3
df6b47bafe5143f5_9009.jpg;Normal clean mucosa;3
dca1377dec974312_6024.jpg;Normal clean mucosa;3
5e9beaf4e66142c8_41025.jpg;Normal clean mucosa;3
d7a271f233ba4a40_6408.jpg;Normal clean mucosa;3
fb86bc87d3874cd7_25423.jpg;Normal clean mucosa;3
bc84479c66fe4da6_23109.jpg;Normal clean mucosa;3
bc84479c66fe4da6_23377.jpg;Normal clean mucosa;3
b2134f4a6f864613_3982.jpg;Normal clean mucosa;3
d369e4f163df4aba_8230.jpg;Normal clean mucosa;3
3c8d5f0b90d7475d_3426.jpg;Normal clean mucosa;3
dc221ccc65d34010_16526.jpg;Normal clean mucosa;3
0728084c8da942d9_23044.jpg;Normal clean mucosa;3
04a78ef00c5245e0_21014.jpg;Normal clean mucosa;3
5e59c7fdb16c4228_12676.jpg;Normal clean mucosa;3
4560e83f9afc4685_6562.jpg;Normal clean mucosa;3
6cb700585c4f4070_21993.jpg;Normal clean mucosa;3
dca1377dec974312_7898.jpg;Normal clean mucosa;3
89cdd41258c542c5_13181.jpg;Normal clean mucosa;3
bc84479c66fe4da6_24636.jpg;Normal clean mucosa;3
df6b47bafe5143f5_3944.jpg;Normal clean mucosa;3
fb86bc87d3874cd7_7178.jpg;Normal clean mucosa;3
5e59c7fdb16c4228_4463.jpg;Normal clean mucosa;3
dca1377dec974312_7867.jpg;Normal clean mucosa;3
48579eec79784294_5260.jpg;Normal clean mucosa;3
0728084c8da942d9_16581.jpg;Normal clean mucosa;3
04a78ef00c5245e0_21113.jpg;Normal clean mucosa;3
4560e83f9afc4685_6951.jpg;Normal clean mucosa;3
dca1377dec974312_14482.jpg;Normal clean mucosa;3
4560e83f9afc4685_7085.jpg;Normal clean mucosa;3
dca1377dec974312_8024.jpg;Normal clean mucosa;3
bc84479c66fe4da6_23548.jpg;Normal clean mucosa;3
c11b28a8b2344716_46406.jpg;Normal clean mucosa;3
bca26705313a4644_29336.jpg;Normal clean mucosa;3
fc32def0e7194981_22376.jpg;Normal clean mucosa;3
48579eec79784294_5042.jpg;Normal clean mucosa;3
3ada4222967f421d_5980.jpg;Normal clean mucosa;3
bc84479c66fe4da6_24588.jpg;Normal clean mucosa;3
dca1377dec974312_6007.jpg;Normal clean mucosa;3
d369e4f163df4aba_8184.jpg;Normal clean mucosa;3
89cdd41258c542c5_12928.jpg;Normal clean mucosa;3
d369e4f163df4aba_3985.jpg;Normal clean mucosa;3
dc221ccc65d34010_9051.jpg;Normal clean mucosa;3
3c8d5f0b90d7475d_3500.jpg;Normal clean mucosa;3
dc221ccc65d34010_16439.jpg;Normal clean mucosa;3
8885668afb844852_17643.jpg;Normal clean mucosa;3
89cdd41258c542c5_13133.jpg;Normal clean mucosa;3
0531325b64674948_10244.jpg;Normal clean mucosa;3
d7a271f233ba4a40_6312.jpg;Normal clean mucosa;3
5e59c7fdb16c4228_4464.jpg;Normal clean mucosa;3
6cb700585c4f4070_14846.jpg;Normal clean mucosa;3
131368cc17e44240_4453.jpg;Normal clean mucosa;3
0728084c8da942d9_23048.jpg;Normal clean mucosa;3
6cb700585c4f4070_14792.jpg;Normal clean mucosa;3
bc84479c66fe4da6_23841.jpg;Normal clean mucosa;3
0728084c8da942d9_22954.jpg;Normal clean mucosa;3
df6b47bafe5143f5_13295.jpg;Normal clean mucosa;3
bc84479c66fe4da6_24146.jpg;Normal clean mucosa;3
c7084b3556e34619_58692.jpg;Normal clean mucosa;3
fb86bc87d3874cd7_5316.jpg;Normal clean mucosa;3
07c1fa15a20a4398_1451.jpg;Normal clean mucosa;3
fc32def0e7194981_31379.jpg;Normal clean mucosa;3
0531325b64674948_10080.jpg;Normal clean mucosa;3
eb0203196e284797_7172.jpg;Normal clean mucosa;3
5e59c7fdb16c4228_13664.jpg;Normal clean mucosa;3
fb86bc87d3874cd7_13482.jpg;Normal clean mucosa;3
bc84479c66fe4da6_24258.jpg;Normal clean mucosa;3
5e59c7fdb16c4228_4531.jpg;Normal clean mucosa;3
3c8d5f0b90d7475d_11357.jpg;Normal clean mucosa;3
4560e83f9afc4685_7040.jpg;Normal clean mucosa;3
dac1e27f7e4d4ef5_14890.jpg;Normal clean mucosa;3
7ad22d50ebaf4596_12581.jpg;Normal clean mucosa;3
bc84479c66fe4da6_23324.jpg;Normal clean mucosa;3
8ebf0e483cac48d6_3901.jpg;Normal clean mucosa;3
dc221ccc65d34010_16640.jpg;Normal clean mucosa;3
dc221ccc65d34010_16547.jpg;Normal clean mucosa;3
ed02f27ef36f483e_13962.jpg;Normal clean mucosa;3
0728084c8da942d9_20124.jpg;Normal clean mucosa;3
eb0203196e284797_5847.jpg;Normal clean mucosa;3
3ada4222967f421d_5786.jpg;Normal clean mucosa;3
dac1e27f7e4d4ef5_9876.jpg;Normal clean mucosa;3
8885668afb844852_20693.jpg;Normal clean mucosa;3
89cdd41258c542c5_13037.jpg;Normal clean mucosa;3
3c8d5f0b90d7475d_11173.jpg;Normal clean mucosa;3
ed02f27ef36f483e_14216.jpg;Normal clean mucosa;3
3c8d5f0b90d7475d_3430.jpg;Normal clean mucosa;3
3ada4222967f421d_5691.jpg;Normal clean mucosa;3
fb86bc87d3874cd7_25357.jpg;Normal clean mucosa;3
dac1e27f7e4d4ef5_15016.jpg;Normal clean mucosa;3
89cdd41258c542c5_3724.jpg;Normal clean mucosa;3
ed02f27ef36f483e_14131.jpg;Normal clean mucosa;3
0531325b64674948_8401.jpg;Normal clean mucosa;3
04a78ef00c5245e0_17135.jpg;Normal clean mucosa;3
0531325b64674948_8315.jpg;Normal clean mucosa;3
5e9beaf4e66142c8_11760.jpg;Normal clean mucosa;3
fe5d372e43f94f68_2346.jpg;Normal clean mucosa;3
bc84479c66fe4da6_24369.jpg;Normal clean mucosa;3
8a00709108cd4e2b_11704.jpg;Normal clean mucosa;3
5e59c7fdb16c4228_39876.jpg;Normal clean mucosa;3
131368cc17e44240_5617.jpg;Normal clean mucosa;3
bca26705313a4644_23288.jpg;Normal clean mucosa;3
0728084c8da942d9_23056.jpg;Normal clean mucosa;3
dca1377dec974312_3807.jpg;Normal clean mucosa;3
bca26705313a4644_13825.jpg;Normal clean mucosa;3
8885668afb844852_24476.jpg;Normal clean mucosa;3
dac1e27f7e4d4ef5_15053.jpg;Normal clean mucosa;3
0531325b64674948_10341.jpg;Normal clean mucosa;3
3c8d5f0b90d7475d_17043.jpg;Normal clean mucosa;3
dac1e27f7e4d4ef5_9838.jpg;Normal clean mucosa;3
39960e5e099a45ca_13420.jpg;Normal clean mucosa;3
0728084c8da942d9_23102.jpg;Normal clean mucosa;3
dca1377dec974312_7837.jpg;Normal clean mucosa;3
0728084c8da942d9_20208.jpg;Normal clean mucosa;3
04a78ef00c5245e0_21007.jpg;Normal clean mucosa;3
c11b28a8b2344716_46571.jpg;Normal clean mucosa;3
d369e4f163df4aba_8126.jpg;Normal clean mucosa;3
df6b47bafe5143f5_13334.jpg;Normal clean mucosa;3
07c1fa15a20a4398_4978.jpg;Normal clean mucosa;3
89cdd41258c542c5_3616.jpg;Normal clean mucosa;3
fc32def0e7194981_58630.jpg;Normal clean mucosa;3
5bb1d3cc7dc64cec_16618.jpg;Normal clean mucosa;3
0728084c8da942d9_11200.jpg;Normal clean mucosa;3
3c8d5f0b90d7475d_11018.jpg;Normal clean mucosa;3
bca26705313a4644_22914.jpg;Normal clean mucosa;3
3c8d5f0b90d7475d_11266.jpg;Normal clean mucosa;3
5e59c7fdb16c4228_7796.jpg;Normal clean mucosa;3
dca1377dec974312_14426.jpg;Normal clean mucosa;3
d369e4f163df4aba_6848.jpg;Normal clean mucosa;3
89cdd41258c542c5_3543.jpg;Normal clean mucosa;3
3c8d5f0b90d7475d_7055.jpg;Normal clean mucosa;3
131368cc17e44240_5682.jpg;Normal clean mucosa;3
bca26705313a4644_29278.jpg;Normal clean mucosa;3
0728084c8da942d9_5348.jpg;Normal clean mucosa;3
3c8d5f0b90d7475d_16904.jpg;Normal clean mucosa;3
bc84479c66fe4da6_24661.jpg;Normal clean mucosa;3
0531325b64674948_4787.jpg;Normal clean mucosa;3
5e59c7fdb16c4228_4318.jpg;Normal clean mucosa;3
fb86bc87d3874cd7_25378.jpg;Normal clean mucosa;3
0531325b64674948_8406.jpg;Normal clean mucosa;3
5e59c7fdb16c4228_15507.jpg;Normal clean mucosa;3
d369e4f163df4aba_3929.jpg;Normal clean mucosa;3
3c8d5f0b90d7475d_7107.jpg;Normal clean mucosa;3
131368cc17e44240_5569.jpg;Normal clean mucosa;3
6cb700585c4f4070_14744.jpg;Normal clean mucosa;3
df6b47bafe5143f5_2827.jpg;Normal clean mucosa;3
8a00709108cd4e2b_11698.jpg;Normal clean mucosa;3
0728084c8da942d9_14181.jpg;Normal clean mucosa;3
fb86bc87d3874cd7_12372.jpg;Normal clean mucosa;3
d369e4f163df4aba_8274.jpg;Normal clean mucosa;3
89cdd41258c542c5_4239.jpg;Normal clean mucosa;3
eb0203196e284797_3318.jpg;Normal clean mucosa;3
c7084b3556e34619_58594.jpg;Normal clean mucosa;3
5e9beaf4e66142c8_41111.jpg;Normal clean mucosa;3
5e59c7fdb16c4228_12648.jpg;Normal clean mucosa;3
39960e5e099a45ca_23869.jpg;Normal clean mucosa;3
fc32def0e7194981_31521.jpg;Normal clean mucosa;3
3c8d5f0b90d7475d_3578.jpg;Normal clean mucosa;3
dca1377dec974312_10432.jpg;Normal clean mucosa;3
dac1e27f7e4d4ef5_14947.jpg;Normal clean mucosa;3
0728084c8da942d9_11025.jpg;Normal clean mucosa;3
0728084c8da942d9_23018.jpg;Normal clean mucosa;3
4560e83f9afc4685_6551.jpg;Normal clean mucosa;3
dac1e27f7e4d4ef5_9787.jpg;Normal clean mucosa;3
64440803f87b4843_7310.jpg;Normal clean mucosa;3
fb86bc87d3874cd7_30603.jpg;Normal clean mucosa;3
495f16498db34d3c_10769.jpg;Normal clean mucosa;3
07c1fa15a20a4398_1396.jpg;Normal clean mucosa;3
0531325b64674948_10089.jpg;Normal clean mucosa;3
7ad22d50ebaf4596_6811.jpg;Normal clean mucosa;3
131368cc17e44240_3266.jpg;Normal clean mucosa;3
48579eec79784294_5071.jpg;Normal clean mucosa;3
4560e83f9afc4685_6505.jpg;Normal clean mucosa;3
b2134f4a6f864613_10607.jpg;Normal clean mucosa;3
64440803f87b4843_7335.jpg;Normal clean mucosa;3
fb86bc87d3874cd7_7200.jpg;Normal clean mucosa;3
64440803f87b4843_7409.jpg;Normal clean mucosa;3
48579eec79784294_5987.jpg;Normal clean mucosa;3
8885668afb844852_24489.jpg;Normal clean mucosa;3
7ad22d50ebaf4596_12404.jpg;Normal clean mucosa;3
48579eec79784294_5992.jpg;Normal clean mucosa;3
df6b47bafe5143f5_2502.jpg;Normal clean mucosa;3
c7084b3556e34619_39623.jpg;Normal clean mucosa;3
bc84479c66fe4da6_23362.jpg;Normal clean mucosa;3
5bb1d3cc7dc64cec_7573.jpg;Normal clean mucosa;3
48579eec79784294_4572.jpg;Normal clean mucosa;3
3c8d5f0b90d7475d_7143.jpg;Normal clean mucosa;3
0531325b64674948_4802.jpg;Normal clean mucosa;3
dca1377dec974312_6068.jpg;Normal clean mucosa;3
3ada4222967f421d_5781.jpg;Normal clean mucosa;3
64440803f87b4843_9393.jpg;Normal clean mucosa;3
ed02f27ef36f483e_13770.jpg;Normal clean mucosa;3
3c8d5f0b90d7475d_11209.jpg;Normal clean mucosa;3
df6b47bafe5143f5_9985.jpg;Normal clean mucosa;3
3ada4222967f421d_5820.jpg;Normal clean mucosa;3
5e59c7fdb16c4228_15489.jpg;Normal clean mucosa;3
3c8d5f0b90d7475d_11083.jpg;Normal clean mucosa;3
dac1e27f7e4d4ef5_4681.jpg;Normal clean mucosa;3
0728084c8da942d9_5261.jpg;Normal clean mucosa;3
89cdd41258c542c5_3589.jpg;Normal clean mucosa;3
dc221ccc65d34010_8976.jpg;Normal clean mucosa;3
fe5d372e43f94f68_2658.jpg;Normal clean mucosa;3
bc84479c66fe4da6_23874.jpg;Normal clean mucosa;3
0728084c8da942d9_10987.jpg;Normal clean mucosa;3
ed02f27ef36f483e_13884.jpg;Normal clean mucosa;3
b2134f4a6f864613_14553.jpg;Normal clean mucosa;3
fb86bc87d3874cd7_30428.jpg;Normal clean mucosa;3
48579eec79784294_5255.jpg;Normal clean mucosa;3
bc84479c66fe4da6_23834.jpg;Normal clean mucosa;3
bca26705313a4644_23246.jpg;Normal clean mucosa;3
8a00709108cd4e2b_8652.jpg;Normal clean mucosa;3
64440803f87b4843_9588.jpg;Normal clean mucosa;3
3c8d5f0b90d7475d_11003.jpg;Normal clean mucosa;3
fb86bc87d3874cd7_30453.jpg;Normal clean mucosa;3
5e59c7fdb16c4228_8186.jpg;Normal clean mucosa;3
5e9beaf4e66142c8_11755.jpg;Normal clean mucosa;3
bc84479c66fe4da6_24528.jpg;Normal clean mucosa;3
64440803f87b4843_5777.jpg;Normal clean mucosa;3
b2134f4a6f864613_10805.jpg;Normal clean mucosa;3
fb86bc87d3874cd7_25170.jpg;Normal clean mucosa;3
3c8d5f0b90d7475d_3545.jpg;Normal clean mucosa;3
bc84479c66fe4da6_23212.jpg;Normal clean mucosa;3
3c8d5f0b90d7475d_3506.jpg;Normal clean mucosa;3
c7084b3556e34619_39601.jpg;Normal clean mucosa;3
4560e83f9afc4685_6944.jpg;Normal clean mucosa;3
495f16498db34d3c_10835.jpg;Normal clean mucosa;3
04a78ef00c5245e0_21110.jpg;Normal clean mucosa;3
bc84479c66fe4da6_23461.jpg;Normal clean mucosa;3
89cdd41258c542c5_13132.jpg;Normal clean mucosa;3
b2134f4a6f864613_14384.jpg;Normal clean mucosa;3
131368cc17e44240_5610.jpg;Normal clean mucosa;3
131368cc17e44240_5577.jpg;Normal clean mucosa;3
5e59c7fdb16c4228_8134.jpg;Normal clean mucosa;3
dac1e27f7e4d4ef5_4957.jpg;Normal clean mucosa;3
3c8d5f0b90d7475d_7067.jpg;Normal clean mucosa;3
5bb1d3cc7dc64cec_13704.jpg;Normal clean mucosa;3
07c1fa15a20a4398_5096.jpg;Normal clean mucosa;3
c11b28a8b2344716_46520.jpg;Normal clean mucosa;3
d7a271f233ba4a40_5254.jpg;Normal clean mucosa;3
ed02f27ef36f483e_14240.jpg;Normal clean mucosa;3
bca26705313a4644_22544.jpg;Normal clean mucosa;3
bca26705313a4644_23205.jpg;Normal clean mucosa;3
df6b47bafe5143f5_14281.jpg;Normal clean mucosa;3
dac1e27f7e4d4ef5_4666.jpg;Normal clean mucosa;3
131368cc17e44240_4545.jpg;Normal clean mucosa;3
d369e4f163df4aba_8275.jpg;Normal clean mucosa;3
bc84479c66fe4da6_24478.jpg;Normal clean mucosa;3
39960e5e099a45ca_23898.jpg;Normal clean mucosa;3
dc221ccc65d34010_16493.jpg;Normal clean mucosa;3
131368cc17e44240_4376.jpg;Normal clean mucosa;3
c11b28a8b2344716_46505.jpg;Normal clean mucosa;3
ed02f27ef36f483e_13967.jpg;Normal clean mucosa;3
df6b47bafe5143f5_3959.jpg;Normal clean mucosa;3
b2134f4a6f864613_14555.jpg;Normal clean mucosa;3
5e59c7fdb16c4228_15564.jpg;Normal clean mucosa;3
b2134f4a6f864613_14467.jpg;Normal clean mucosa;3
d7a271f233ba4a40_6463.jpg;Normal clean mucosa;3
df6b47bafe5143f5_13342.jpg;Normal clean mucosa;3
d369e4f163df4aba_8252.jpg;Normal clean mucosa;3
0728084c8da942d9_20157.jpg;Normal clean mucosa;3
bc84479c66fe4da6_23249.jpg;Normal clean mucosa;3
6cb700585c4f4070_12864.jpg;Normal clean mucosa;3
c7084b3556e34619_39662.jpg;Normal clean mucosa;3
48579eec79784294_5051.jpg;Normal clean mucosa;3
dca1377dec974312_3760.jpg;Normal clean mucosa;3
fc32def0e7194981_31192.jpg;Normal clean mucosa;3
6cb700585c4f4070_14774.jpg;Normal clean mucosa;3
bca26705313a4644_23017.jpg;Normal clean mucosa;3
dac1e27f7e4d4ef5_4729.jpg;Normal clean mucosa;3
5e9beaf4e66142c8_41151.jpg;Normal clean mucosa;3
8885668afb844852_24392.jpg;Normal clean mucosa;3
89cdd41258c542c5_4332.jpg;Normal clean mucosa;3
5e59c7fdb16c4228_12705.jpg;Normal clean mucosa;3
dac1e27f7e4d4ef5_7617.jpg;Normal clean mucosa;3
48579eec79784294_4519.jpg;Normal clean mucosa;3
eb0203196e284797_5933.jpg;Normal clean mucosa;3
bc84479c66fe4da6_24271.jpg;Normal clean mucosa;3
dca1377dec974312_5970.jpg;Normal clean mucosa;3
8885668afb844852_24597.jpg;Normal clean mucosa;3
8885668afb844852_24444.jpg;Normal clean mucosa;3
b2134f4a6f864613_4162.jpg;Normal clean mucosa;3
b2134f4a6f864613_15988.jpg;Normal clean mucosa;3
b2134f4a6f864613_14520.jpg;Normal clean mucosa;3
dac1e27f7e4d4ef5_14817.jpg;Normal clean mucosa;3
dac1e27f7e4d4ef5_7536.jpg;Normal clean mucosa;3
5e59c7fdb16c4228_7993.jpg;Normal clean mucosa;3
bca26705313a4644_23392.jpg;Normal clean mucosa;3
dca1377dec974312_3800.jpg;Normal clean mucosa;3
04a78ef00c5245e0_12970.jpg;Normal clean mucosa;3
8ebf0e483cac48d6_3829.jpg;Normal clean mucosa;3
6cb700585c4f4070_18918.jpg;Normal clean mucosa;3
04a78ef00c5245e0_12872.jpg;Normal clean mucosa;3
dca1377dec974312_7885.jpg;Normal clean mucosa;3
5e9beaf4e66142c8_11648.jpg;Normal clean mucosa;3
fc32def0e7194981_22320.jpg;Normal clean mucosa;3
3c8d5f0b90d7475d_3645.jpg;Normal clean mucosa;3
dac1e27f7e4d4ef5_9794.jpg;Normal clean mucosa;3
5e59c7fdb16c4228_7983.jpg;Normal clean mucosa;3
fb86bc87d3874cd7_12415.jpg;Normal clean mucosa;3
131368cc17e44240_3216.jpg;Normal clean mucosa;3
64440803f87b4843_7484.jpg;Normal clean mucosa;3
5e59c7fdb16c4228_3478.jpg;Normal clean mucosa;3
6cb700585c4f4070_22014.jpg;Normal clean mucosa;3
bc84479c66fe4da6_24352.jpg;Normal clean mucosa;3
eb0203196e284797_6073.jpg;Normal clean mucosa;3
5e59c7fdb16c4228_12722.jpg;Normal clean mucosa;3
c7084b3556e34619_58609.jpg;Normal clean mucosa;3
7ad22d50ebaf4596_12562.jpg;Normal clean mucosa;3
48579eec79784294_5178.jpg;Normal clean mucosa;3
bc84479c66fe4da6_24735.jpg;Normal clean mucosa;3
3c8d5f0b90d7475d_16852.jpg;Normal clean mucosa;3
0728084c8da942d9_22948.jpg;Normal clean mucosa;3
0728084c8da942d9_11059.jpg;Normal clean mucosa;3
fe5d372e43f94f68_2385.jpg;Normal clean mucosa;3
4560e83f9afc4685_6864.jpg;Normal clean mucosa;3
5e59c7fdb16c4228_8105.jpg;Normal clean mucosa;3
48579eec79784294_4446.jpg;Normal clean mucosa;3
5e59c7fdb16c4228_9592.jpg;Normal clean mucosa;3
eb0203196e284797_5974.jpg;Normal clean mucosa;3
b2134f4a6f864613_3993.jpg;Normal clean mucosa;3
fb86bc87d3874cd7_7401.jpg;Normal clean mucosa;3
0728084c8da942d9_11189.jpg;Normal clean mucosa;3
64440803f87b4843_7713.jpg;Normal clean mucosa;3
5e59c7fdb16c4228_33185.jpg;Normal clean mucosa;3
b2134f4a6f864613_4029.jpg;Normal clean mucosa;3
df6b47bafe5143f5_2730.jpg;Normal clean mucosa;3
4560e83f9afc4685_7051.jpg;Normal clean mucosa;3
04a78ef00c5245e0_21066.jpg;Normal clean mucosa;3
b2134f4a6f864613_10672.jpg;Normal clean mucosa;3
c7084b3556e34619_58753.jpg;Normal clean mucosa;3
48579eec79784294_6004.jpg;Normal clean mucosa;3
3ada4222967f421d_5622.jpg;Normal clean mucosa;3
df6b47bafe5143f5_14248.jpg;Normal clean mucosa;3
bca26705313a4644_23433.jpg;Normal clean mucosa;3
dac1e27f7e4d4ef5_19105.jpg;Normal clean mucosa;3
dac1e27f7e4d4ef5_15092.jpg;Normal clean mucosa;3
48579eec79784294_5917.jpg;Normal clean mucosa;3
fe5d372e43f94f68_2338.jpg;Normal clean mucosa;3
5e59c7fdb16c4228_13726.jpg;Normal clean mucosa;3
dc221ccc65d34010_16418.jpg;Normal clean mucosa;3
dca1377dec974312_3816.jpg;Normal clean mucosa;3
c11b28a8b2344716_46414.jpg;Normal clean mucosa;3
5e59c7fdb16c4228_8271.jpg;Normal clean mucosa;3
bc84479c66fe4da6_24757.jpg;Normal clean mucosa;3
48579eec79784294_5147.jpg;Normal clean mucosa;3
dca1377dec974312_3858.jpg;Normal clean mucosa;3
131368cc17e44240_4379.jpg;Normal clean mucosa;3
eb0203196e284797_7033.jpg;Normal clean mucosa;3
64440803f87b4843_7625.jpg;Normal clean mucosa;3
bc84479c66fe4da6_24113.jpg;Normal clean mucosa;3
bc84479c66fe4da6_24115.jpg;Normal clean mucosa;3
fe5d372e43f94f68_2492.jpg;Normal clean mucosa;3
bc84479c66fe4da6_24362.jpg;Normal clean mucosa;3
dca1377dec974312_3876.jpg;Normal clean mucosa;3
d369e4f163df4aba_6800.jpg;Normal clean mucosa;3
07c1fa15a20a4398_4952.jpg;Normal clean mucosa;3
